{
  "csv_path": "examples/DNA_SD1_results.csv",
  "n_noise": 30,
  "timesteps": [1, 11, 21, 31, 41, 51, 61, 71, 81, 91, 101, 111, 121, 131, 141, 151, 161, 171, 181, 191, 201, 211, 221, 231, 241],
  "bias": [0.0, -1.238396, -1.182738, -1.161866, -1.113165]
}
